Bank,Addr,Label,Size
0x0,0xe010,reset,0xff
0x0,0xe10f,pal_fnt,0x4
0x0,0xe113,rts,0x1
0x0,0xe114,rti,0x1
0x0,0xe115,irq2,0x7
0x0,0xe11c,irq1,0x30
0x0,0xe14c,user_irq1,0x3
0x0,0xe14f,vsync_hndl,0x64
0x0,0xe1b3,HutrackEngine.irq1.vsyncRTN,0xe
0x0,0xe1c1,hsync_hndl,0x51
0x0,0xe212,rcr_init,0x42
0x0,0xe254,rcr_set,0x18
0x0,0xe26c,rcr4,0xe
0x0,0xe27a,rcr5,0x10
0x0,0xe28a,rcr6,0xa
0x0,0xe294,_rcr_on,0x4
0x0,0xe298,__rcr_on,0xc
0x0,0xe2a4,_rcr_off,0x4
0x0,0xe2a8,__rcr_off,0xc
0x0,0xe2b4,timer_user,0x3
0x0,0xe2b7,timer,0xd
0x0,0xe2c4,nmi,0x7
0x0,0xe2cb,map_data,0x22
0x0,0xe2ed,unmap_data,0x9
0x0,0xe2f6,remap_data,0x15
0x0,0xe30b,_load_palette.3,0x0
0x0,0xe30b,load_palette,0x12
0x0,0xe31d,xfer_palette,0x12
0x0,0xe32f,load_bat,0x0
0x0,0xe32f,_load_bat.4,0x12
0x0,0xe341,load_map,0x2b
0x0,0xe36c,load_font,0x12
0x0,0xe37e,_load_vram.3,0x0
0x0,0xe37e,_load_vram2.4,0x0
0x0,0xe37e,load_vram,0x64
0x0,0xe3e2,set_read,0x17
0x0,0xe3f9,set_write,0x17
0x0,0xe410,calc_vram_addr,0x25
0x0,0xe435,init_vdc,0x12
0x0,0xe447,set_xres,0x12
0x0,0xe459,set_bat_size,0x46
0x0,0xe49f,init_psg,0x12
0x0,0xe4b1,str_find_end,0xf
0x0,0xe4c0,_strncat.3,0x2
0x0,0xe4c2,_strncpy.3,0x13
0x0,0xe4d5,_strcat.2,0x2
0x0,0xe4d7,_strcpy.2,0xa
0x0,0xe4e1,str_overflow,0x1
0x0,0xe4e2,str_terminate,0x5
0x0,0xe4e7,_memcpy.3,0x0
0x0,0xe4e7,_mempcpy.3,0x20
0x0,0xe507,memstr_finish,0xb
0x0,0xe512,_memset.3,0x22
0x0,0xe534,_memcmp.3,0x21
0x0,0xe555,cmp_same,0x4
0x0,0xe559,cmp_plus,0x4
0x0,0xe55d,cmp_minus,0x4
0x0,0xe561,_strcmp.2,0x12
0x0,0xe573,_strncmp.3,0x19
0x0,0xe58c,_strlen.1,0xb
0x0,0xe597,___builtin_ffs.1,0x12
0x0,0xe5a9,_timer_set,0x4
0x0,0xe5ad,_timer_start,0x6
0x0,0xe5b3,_timer_stop,0x4
0x0,0xe5b7,_timer_get,0x8
0x0,0xe5bf,_irq_disable,0xa
0x0,0xe5c9,_irq_enable,0xc
0x0,0xe5d5,_abort,0x1
0x0,0xe5d6,_exit,0x1
0x0,0xe5d7,_dump_screen,0x1
0x0,0xe5d8,HuTrackEngine.7khz.IRQ,0x6d
0x0,0xe645,HuTrackEngine.EngineCall,0x41
0x0,0xe686,_HuTrack_Init,0x22
0x0,0xe6a8,_HuTrackEngine_QueueSong.1,0x21
0x0,0xe6c9,_HuTrackEngine_PlaySong.1,0x17
0x0,0xe6e0,_HuTrackEngine_PlayOnce.1,0x17
0x0,0xe6f7,_HuTrackEngine_Pause,0x24
0x0,0xe71b,_HuTrackEngine_Stop,0x24
0x0,0xe73f,_HuTrackEngine_SetGlobal.1,0xa
0x0,0xe749,_HuTrackEngine_SetGlobal.2,0x1b
0x0,0xe764,_HuTrackEngine_getCurrSongTitle.1,0x33
0x0,0xe797,_HuTrackEngine_getCurrSongAuthor.1,0x33
0x0,0xe7ca,_HuTrackEngine_chanSetSFX.1,0x36
0x0,0xe800,_HuTrackEngine_chanReleaseSFX.1,0x16
0x0,0xe816,_HuTrackEngine_stopPcm.1,0x18
0x0,0xe82e,_HuTrackEngine_PcmRequest.2,0x0
0x0,0xe82e,_HuTrackEngine_PcmRequest.3,0x6
0x0,0xe834,_HuTrackEngine_PcmRequest.4,0x0
0x0,0xe834,_HuTrackEngine_PcmRequest.5,0x41
0x0,0xe875,_getFarBank.1,0x4
0x0,0xe879,_getFarAddress.1,0x7
0x0,0xe880,_HuTrackEnginePauseDDA,0xc
0x0,0xe88c,_HuTrackEngineResumeDDA,0x7
0x0,0xe893,_HuTrackEngineSFXrest.1,0x29
0x0,0xe8bc,_HuTrackEngine_SFXmode,0xf
0x0,0xe8cb,_HuTrackEngine_SFXmode.1,0x14
0x0,0xe8df,_getFarPointer.3,0x12
0x0,0xe8f1,divu8,0x17
0x0,0xe908,divu10,0x16
0x0,0xe91e,mulu8,0x19
0x0,0xe937,mulu16,0x3e
0x0,0xe975,mulu32,0x49
0x0,0xe9be,srand,0x26
0x0,0xe9e4,rand,0xe
0x0,0xe9f2,randomize,0x6b
0x0,0xea5d,random,0x1a
0x0,0xea77,eq,0xc
0x0,0xea83,eq_endyes,0x11
0x0,0xea94,eq_endno,0x10
0x0,0xeaa4,eqb,0x7
0x0,0xeaab,eqzp,0x10
0x0,0xeabb,eqbzp,0xb
0x0,0xeac6,ltb,0x0
0x0,0xeac6,lt,0x10
0x0,0xead6,lt_primary_minus,0x6
0x0,0xeadc,cmp_false,0x11
0x0,0xeaed,getA_ult,0x2
0x0,0xeaef,ult,0x2
0x0,0xeaf1,ult_y1,0x24
0x0,0xeb15,ublt,0x18
0x0,0xeb2d,gtb,0x0
0x0,0xeb2d,gt,0x16
0x0,0xeb43,cmp_ok,0x11
0x0,0xeb54,getA_ugt,0x2
0x0,0xeb56,ugt,0x2
0x0,0xeb58,ugt_y1,0x24
0x0,0xeb7c,ubgt,0x26
0x0,0xeba2,ltbzp,0x0
0x0,0xeba2,ltzp,0x13
0x0,0xebb5,ultzp,0x14
0x0,0xebc9,ubltzp,0xd
0x0,0xebd6,gtbzp,0x0
0x0,0xebd6,gtzp,0x13
0x0,0xebe9,ugtzp,0x14
0x0,0xebfd,ubgtzp,0xd
0x0,0xec0a,ge,0xa
0x0,0xec14,geb,0xa
0x0,0xec1e,gezp,0xa
0x0,0xec28,gebzp,0xa
0x0,0xec32,uge,0xa
0x0,0xec3c,ubge,0xa
0x0,0xec46,ugezp,0xa
0x0,0xec50,ubgezp,0xa
0x0,0xec5a,ne,0x2d
0x0,0xec87,neb,0x26
0x0,0xecad,nezp,0x10
0x0,0xecbd,nebzp,0xb
0x0,0xecc8,le,0xa
0x0,0xecd2,leb,0xa
0x0,0xecdc,lezp,0xa
0x0,0xece6,lebzp,0xa
0x0,0xecf0,ule,0xa
0x0,0xecfa,uble,0xa
0x0,0xed04,ulezp,0xa
0x0,0xed0e,ublezp,0xa
0x0,0xed18,asl,0x27
0x0,0xed3f,aslzp,0xf
0x0,0xed4e,asr,0x29
0x0,0xed77,asrzp,0x11
0x0,0xed88,lsr,0x27
0x0,0xedaf,lsrzp,0xf
0x0,0xedbe,smul,0x13
0x0,0xedd1,smul_no_invert_primary,0x25
0x0,0xedf6,smul_no_invert_secondary,0x1b
0x0,0xee11,smul_end,0x2
0x0,0xee13,umul,0x24
0x0,0xee37,umul16,0x27
0x0,0xee5e,umul8,0x19
0x0,0xee77,sdiv,0x13
0x0,0xee8a,sdiv_no_invert_primary,0x25
0x0,0xeeaf,sdiv_no_invert_secondary,0x1b
0x0,0xeeca,sdiv_end,0x2
0x0,0xeecc,udiv,0x45
0x0,0xef11,smod,0x4c
0x0,0xef5d,umod,0x45
0x0,0xefa2,___case,0x46
0x0,0xefe8,hook,0x3
0x0,0xefeb,setvdc,0x2d
0x0,0xf018,getvdc,0x15
0x0,0xf02d,_cls,0xa
0x0,0xf037,_cls.1,0x22
0x0,0xf059,_set_font_pal,0x12
0x0,0xf06b,_set_font_color.2,0xe
0x0,0xf079,_set_font_addr,0x20
0x0,0xf099,_get_font_pal,0xa
0x0,0xf0a3,_get_font_addr,0x18
0x0,0xf0bb,_load_default_font,0x2
0x0,0xf0bd,_load_default_font.1,0xd
0x0,0xf0ca,_load_default_font.2,0x36
0x0,0xf100,_load_font.2,0xd
0x0,0xf10d,_load_font.3,0x2b
0x0,0xf138,_put_digit.3,0x7
0x0,0xf13f,_put_digit.2,0x3
0x0,0xf142,_put_digit.main,0x2
0x0,0xf144,_put_digit.sub,0x17
0x0,0xf15b,_put.xy,0x7
0x0,0xf162,_put.vram,0x12
0x0,0xf174,_put_char.3,0x7
0x0,0xf17b,_put_char.2,0x3
0x0,0xf17e,_put_char.main,0x1a
0x0,0xf198,_put_raw.3,0x7
0x0,0xf19f,_put_raw.2,0x3
0x0,0xf1a2,_put_raw.main,0xb
0x0,0xf1ad,_put_number.3,0x12
0x0,0xf1bf,_put_number.4,0x12
0x0,0xf1d1,_put_hex.4,0x7
0x0,0xf1d8,_put_hex.3,0x3
0x0,0xf1db,_put_hex.main,0x3f
0x0,0xf21a,_put_string.3,0x7
0x0,0xf221,_put_string.2,0x3
0x0,0xf224,_put_string.main,0x24
0x0,0xf248,_vsync,0x4
0x0,0xf24c,_vsync.1,0x4
0x0,0xf250,_vreg.1,0x6
0x0,0xf256,_vreg.2,0xe
0x0,0xf264,_vram_addr.2,0xb
0x0,0xf26f,_scan_map_table.3,0xa1
0x0,0xf310,_set_map_data.1,0x75
0x0,0xf385,_set_map_data.4,0x9
0x0,0xf38e,_set_map_data.3,0x6
0x0,0xf394,_set_map_data.main,0x20
0x0,0xf3b4,_get_map_width,0x7
0x0,0xf3bb,_get_map_height,0x7
0x0,0xf3c2,_set_tile_data.1,0x38
0x0,0xf3fa,_set_tile_data.4,0x2e
0x0,0xf428,_load_tile,0x48
0x0,0xf470,_load_map.6,0x8c
0x0,0xf4fc,_spr_set,0x1e
0x0,0xf51a,_spr_hide,0x9
0x0,0xf523,_spr_hide.1,0xe
0x0,0xf531,_spr_hide.sub,0x15
0x0,0xf546,_spr_show,0x9
0x0,0xf54f,_spr_show.1,0xe
0x0,0xf55d,_spr_x,0xf
0x0,0xf56c,_spr_get_x,0xe
0x0,0xf57a,_spr_y,0x10
0x0,0xf58a,_spr_get_y,0xd
0x0,0xf597,_spr_pattern,0x19
0x0,0xf5b0,_spr_get_pattern,0x19
0x0,0xf5c9,_spr_ctrl.2,0x12
0x0,0xf5db,_spr_pal,0x10
0x0,0xf5eb,_spr_get_pal,0x9
0x0,0xf5f4,_spr_pri,0xf
0x0,0xf603,_satb_update,0x2
0x0,0xf605,_satb_update.1,0x8
0x0,0xf60d,satb_update,0x56
0x0,0xf663,_init_satb,0x0
0x0,0xf663,_reset_satb,0x12
0x0,0xf675,_get_color.1,0x9
0x0,0xf67e,_fade_color.2,0x0
0x0,0xf67e,_fade_color.3,0x45
0x0,0xf6c3,_set_color_rgb.4,0x21
0x0,0xf6e4,_put_tile.3,0x17
0x0,0xf6fb,_put_tile.2,0xb
0x0,0xf706,_put_tile_8,0x31
0x0,0xf737,_put_tile_16,0x8e
0x0,0xf7c5,_map_get_tile.2,0xa
0x0,0xf7cf,_map_put_tile.3,0x8
0x0,0xf7d7,_map_calc_tile_addr,0x47
0x0,0xf81e,_scroll,0x42
0x0,0xf860,_scroll_disable,0x9
0x0,0xf869,_set_screen_size,0x4
0x0,0xf86d,_set_xres.1,0x4
0x0,0xf871,_set_xres.2,0x8
0x0,0xf879,readvram,0x1a
0x0,0xf893,writevram,0x29
0x0,0xf8bc,_gfx_setbgpal,0x9
0x0,0xf8c5,_gfx_init,0x12
0x0,0xf8d7,_gfx_clear,0x30
0x0,0xf907,_gfx_plot.3,0x12
0x0,0xf919,_gfx_point.2,0x12
0x0,0xf92b,_gfx_line.5,0x12
0x0,0xf93d,_set_map_tile_type,0x4
0x0,0xf941,_set_map_tile_base,0xc
0x0,0xf94d,_set_map_pals.1,0x10
0x0,0xf95d,_abs,0xf
0x0,0xf96c,_mov32.2,0x4
0x0,0xf970,_mov32.sub,0xa
0x0,0xf97a,_add32.2,0x13
0x0,0xf98d,_sub32.2,0x13
0x0,0xf9a0,_mul32.2,0x38
0x0,0xf9d8,_div32.2,0x1
0x0,0xf9d9,_com32.1,0x10
0x0,0xf9e9,_cmp32.2,0x1c
0x0,0xfa05,_bm_check,0x21
0x0,0xfa26,_bm_testram,0x21
0x0,0xfa47,_bm_format,0x3f
0x0,0xfa86,_bm_free,0x4a
0x0,0xfad0,_bm_size,0x43
0x0,0xfb13,_bm_rawread,0x25
0x0,0xfb38,_bm_rawwrite.2,0x27
0x0,0xfb5f,_bm_exist,0x16
0x0,0xfb75,_bm_sizeof,0x24
0x0,0xfb99,_bm_errno,0x5
0x0,0xfb9e,_bm_id,0x8
0x0,0xfba6,_bm_getptr.2,0x12
0x0,0xfbb8,_bm_delete,0x12
0x0,0xfbca,_bm_read.4,0x12
0x0,0xfbdc,_bm_write.4,0x12
0x0,0xfbee,_bm_create.2,0x12
0x0,0xfc00,_bm_open,0x12
0x0,0xfc12,_bm_enable,0x12
0x0,0xfc24,_bm_disable,0x12
0x0,0xfc36,_bm_unlock,0x12
0x0,0xfc48,_joy,0x8
0x0,0xfc50,_joytrg,0x8
0x0,0xfc58,_joyold,0x8
0x0,0xfc60,_joybuf,0x8
0x0,0xfc68,_mouse_exists,0x5
0x0,0xfc6d,_mouse_disable,0x6
0x0,0xfc73,_mouse_enable,0x6
0x0,0xfc79,_mouse_x,0x5
0x0,0xfc7e,mousneg,0x3
0x0,0xfc81,_mouse_y,0x5
0x0,0xfc86,mouspos,0x2
0x0,0xfc88,_set_joy_callback.4,0x26
0x0,0xfcae,_get_joy_events.2,0xb
0x0,0xfcb9,_get_joy_events.1,0x1
0x0,0xfcba,_get_joy_events.sub,0x8
0x0,0xfcc2,_clear_joy_events,0x24
0x0,0xfce6,_clock_hh,0x5
0x0,0xfceb,_clock_mm,0x5
0x0,0xfcf0,_clock_ss,0x5
0x0,0xfcf5,_clock_tt,0x5
0x0,0xfcfa,_clock_reset,0xd
0x0,0xfd07,_poke.2,0x4
0x0,0xfd0b,_pokew.2,0x9
0x0,0xfd14,_peek,0x9
0x0,0xfd1d,_peekw,0xc
0x0,0xfd29,_farpeekb.1,0x11
0x0,0xfd3a,_farpeekw.1,0xe
0x0,0xfd48,_farpeekw.fast,0x9
0x0,0xfd51,_farpeekw.sub,0x12
0x0,0xfd63,_farmemget.3,0x12
0x0,0xfd75,_srand,0x8
0x0,0xfd7d,_srand32.2,0x4
0x0,0xfd81,_rand,0x8
0x0,0xfd89,_random,0x9
0x0,0xfd92,mousinit,0x12
0x0,0xfda4,mousread,0x12
0x0,0xfdb6,_disp_on,0xa
0x0,0xfdc0,_disp_off,0x8
0x0,0xfdc8,set_intvec,0x1e
0x0,0xfde6,wait_vsync,0x73
0x0,0xfe59,read_joypad,0x1a7
0x1,0x6000,font_1,0x300
0x1,0xa300,lib2_load_palette,0x2d
0x1,0xa32d,lib2_xfer_palette,0x6b
0x1,0xa398,lib2_load_bat,0x35
0x1,0xa3cd,lib2_load_map_16,0x101
0x1,0xa4ce,lib2_load_map_8,0x89
0x1,0xa557,load_map_exit,0xa
0x1,0xa561,load_map_init,0x8d
0x1,0xa5ee,load_map_next_line,0x8e
0x1,0xa67c,lib2_load_font,0x7f
0x1,0xa6fb,lib2_init_vdc,0x94
0x1,0xa78f,lib2_set_xres,0xa1
0x1,0xa830,lib2_init_psg,0x25
0x1,0xa855,lib2____builtin_ffs.1,0x20
0x1,0xa875,build_disp_list,0xb7
0x1,0xa92c,lib2_gfx_init,0x45
0x1,0xa971,lib2_put_number.4,0x7
0x1,0xa978,lib2_put_number.3,0x3
0x1,0xa97b,putnum.main,0x4f
0x1,0xa9ca,lib2_gfx_line.5,0x28a
0x1,0xac54,lib2_gfx_plot.3,0xbb
0x1,0xad0f,lib2_gfx_point.2,0x46
0x1,0xad55,gfx_bittbl,0x8
0x1,0xad5d,gfx_bittbl2,0x8
0x1,0xad65,gfx_getaddr,0x57
0x1,0xadbc,lib2_bm_getptr.2,0x56
0x1,0xae12,lib2_bm_delete,0x5f
0x1,0xae71,lib2_bm_read.4,0x4f
0x1,0xaec0,lib2_bm_write.4,0x3f
0x1,0xaeff,lib2_bm_create.2,0xc0
0x1,0xafbf,lib2_bm_open,0x83
0x1,0xb042,lib2_bm_enable,0x17
0x1,0xb059,lib2_bm_unlock,0x1b
0x1,0xb074,lib2_bm_disable,0xb
0x1,0xb07f,lib2_bm_checksum,0x36
0x1,0xb0b5,lib2_bm_setup_ptr,0x6d
0x1,0xb122,lib2_farmemget.3,0x92
0x1,0xb1b4,lib2_mousinit,0x8f
0x1,0xb243,lib2_mousread,0x95
0x1,0xb2d8,delay240,0xc
0x1,0xb2e4,delay14,0x1
0x1,0xb2e5,msbutt,0x1a
0x1,0xb2ff,lib2_readjoy,0xd01
0x2,0xc000,HuTrackEngine.Parser,0x135
0x2,0xc135,HuTrackEngine.ParseEntry,0xb6
0x2,0xc1eb,HuTrackEngine.ParseEntry.disabled,0x7a
0x2,0xc265,HuTrackEngine.FX.disabled.store,0x8f
0x2,0xc2f4,HuTrackEngine.parse.extFX,0x6d
0x2,0xc361,HuTrackEngine.parse.extFX.disabled,0x4c
0x2,0xc3ad,HuTrackEngine.Channel.update,0x54
0x2,0xc401,HuTrackEngine.Channel.update.Note,0x8f
0x2,0xc490,HuTrackEngine.Channel.update.Octave,0x1
0x2,0xc491,HuTrackEngine.Channel.update.Volume,0x2f
0x2,0xc4c0,HuTrackEngine.Channel.update.FX,0x23
0x2,0xc4e3,HuTrackEngine.Channel.update.FX.arg,0x1d
0x2,0xc500,HuTrackEngine.Channel.update.FX234,0x9c
0x2,0xc59c,HuTrackEngine.Channel.update.Instrument,0x1c
0x2,0xc5b8,HuTrack.channel.FX.handler,0x32c
0x2,0xc8e4,HuTrackEngine.Channel.output,0x2b
0x2,0xc90f,HuTrackEngine.Channel.instrument,0xc5
0x2,0xc9d4,HuTrackEngine.Channel.setSample,0x9c
0x2,0xca70,HuTrackEngine.Channel.waveformEnv,0xcb
0x2,0xcb3b,HuTrackEngine.Channel.volumeEnv,0x5d
0x2,0xcb98,HuTrackEngine.Channel.arpEnv,0xbc
0x2,0xcc54,HuTrackEngine.Channel.SetFrequency,0x11f
0x2,0xcd73,HuTrackEngine.channel.DelayAndCut,0x66
0x2,0xcdd9,HuTrackEngine.Process.envelopes,0x46
0x2,0xce1f,HuTrackEngine.Channel.exeFX,0x4d
0x2,0xce6c,HuTrackEngine.Channel.exeFX.semitone.UP,0x63
0x2,0xcecf,HuTrackEngine.Channel.exeFX.semitone.DOWN,0x5d
0x2,0xcf2c,HuTrackEngine.Channel.exeFX.vibrato,0x20
0x2,0xcf4c,HuTrackEngine.Channel.exeFX.volSlideUp,0x2e
0x2,0xcf7a,HuTrackEngine.Channel.exeFX.volSlideDown,0x2b
0x2,0xcfa5,HuTrackEngine.Channel.exeFX.portaSlideUp,0x28
0x2,0xcfcd,HuTrackEngine.Channel.exeFX.portaSlideDown,0x2a
0x2,0xcff7,HuTrackEngine.Channel.exeFX.overload,0x1
0x2,0xcff8,HuTrackEngine.Channel.exeFX.corruption,0x1
0x2,0xcff9,HuTrackEngine.Channel.exeFX.hardsync,0x1
0x2,0xcffa,HuTrackEngine.reset.overload,0xd
0x2,0xd007,HuTrackEngine.reset.corruption,0xd
0x2,0xd014,HuTrackEngine.reset.hardsync,0xd
0x2,0xd021,HuTrackEngine._htk.WSG.control,0xf
0x2,0xd030,HuTrackEngine._htk.WSG.freq,0x12
0x2,0xd042,HuTrackEngine._htk.WSG.DDA,0x8
0x2,0xd04a,HuTrackEngine._htk.WSG.pan,0x13
0x2,0xd05d,HuTrackEngine._htk.WSG.noise,0xf
0x2,0xd06c,HuTrackEngine.8x8mul,0x1a
0x2,0xd086,HuTrackEngine.tables.noteFromCombo,0x60
0x2,0xd0e6,HuTrackEngine.tables.octaveFromCombo,0x60
0x2,0xd146,BaseNoteFreq.base,0x2
0x2,0xd148,BaseNoteFreq,0x18
0x2,0xd160,NoteCents.table.base,0x1
0x2,0xd161,NoteCents.table,0xc
0x2,0xd16d,VibratoTable,0x40
0x2,0xd1ad,VibratoScaleTable,0x10
0x2,0xd1bd,SampleNumDecode,0x0
0x2,0xd1bd,NoiseTable,0xc
0x2,0xd1c9,NoiseVolumeAdjust,0x37
0x2,0xd200,square_pos_hi,0x200
0x2,0xd400,square_neg_hi,0x200
0x2,0xd600,HuTrack.verson,0x6
0x2,0xd606,HuTrackEngine.Init,0xd
0x2,0xd613,HuTrackEngine.Reset,0xe1
0x2,0xd6f4,HuTrackEngine.QueueSong,0x16
0x2,0xd70a,HuTrackEngine.pause,0x3
0x2,0xd70d,HuTrackEngine.FadeToPause,0x1
0x2,0xd70e,HuTrackEngine.FadeOut,0x1
0x2,0xd70f,HuTrackEngine.FadeIn,0x1
0x2,0xd710,HuTrackEngine.SetVolume,0x9
0x2,0xd719,HuTrackEngine.stop,0x1
0x2,0xd71a,HuTrackEngine.Continue,0x3
0x2,0xd71d,HuTrackEngine.FadeToContinue,0x1
0x2,0xd71e,HuTrackEngine.SaveSongPosition,0x1
0x2,0xd71f,HuTrackEngine.LoadSongPosition,0x1
0x2,0xd720,HuTrackEngine.setChanForSFX,0x2d
0x2,0xd74d,HuTrackEngine.chanReleaseSFX,0xc
0x2,0xd759,HuTrackEngine.SfxPcmRequest,0x24
0x2,0xd77d,HuTrackEngine.SfxPcmStatus,0x1a
0x2,0xd797,HuTrackEngine.playSong,0x27a
0x2,0xda11,_HuSFXprocess,0x5
0x2,0xda16,_HuSFXplay.5,0x2d
0x2,0xda43,HuSFX.process,0x5bd
0x3,0x4000,LL0,0x238
0x3,0x4238,_wf_set,0xa0
0x3,0x42d8,_SFX_1,0x2d
0x3,0x4305,_SFX_2,0x2d
0x3,0x4332,_SFX_3,0x1cce
0x4,0x4000,_SMB3Overworld,0xf57
0x4,0x4f57,_FF3_smeared_graffiti,0x2537
0x5,0x548e,_Initial_Velocity,0x1b49
0x6,0x4fd7,_Bottom_Sweep,0x28f9
0x7,0x58d0,_Stormy_Edge_Stage,0x1103
0x8,0x49d3,_pcm1,0x369c
0xa,0x406f,_pcm2,0x1826
0xa,0x5895,_pcm3,0x15e1
0xb,0x4e76,_pcm4,0x518a
0xe,0x6000,ovlarray,0x2a29
0xf,0x4a29,_pcm5,0xcbb8
0x15,0x55e1,_pcm6,0x43f7
0x17,0x59d8,_pcm7,0x6cc3
0x1b,0x469b,_pcm8,0x854d
0x1f,0x4be8,_pcm9,0x3237
0x20,0x5e1f,_pcm10,0x2676a
0x34,0x4589,_pcm11,0x17375
0x3f,0x58fe,_pcm12,0xb313
0x45,0x4c11,_pcm13,0x73ef
0x49,0xa000,_main,0xbaf
0x49,0xabaf,_loadPcmPointers,0x5bd
0x49,0xb16c,_initSFXcollections,0x1a6
0x49,0xb312,_playSFX,0x1a6
0x49,0xb4b8,_stopSFX,0xdb
0x49,0xb593,_updateChipSFX,0xa6d,(????)
0xf0,0x0000,_htk.WSG_LFO_ON,....
0xf0,0x0000,_htk.TMR_OFF,....
0xf0,0x0000,USING_NEWPROC,....
0xf0,0x0000,START_BANK,....
0xf0,0x0000,JOY_BITIII,....
0xf0,0x0000,_htk.PAGE_0000,....
0xf0,0x0000,IRQ2,....
0xf0,0x0000,XRES_SHARP,....
0xf0,0x0000,NO_FLIP,....
0xf0,0x0000,VADDR_INC_1,....
0xf0,0x0000,_htk._7.00khz,....
0xf0,0x0000,ARG_NONE,....
0xf0,0x0000,CDROM,....
0xf0,0x0000,_htk.WSG_CHAN_OFF,....
0xf0,0x0000,JOY_BITI,....
0xf0,0x0000,NEED_SOUND_CODE,....
0xf0,0x0000,video_reg_l,....
0xf0,0x0000,LIB1_BANK,....
0xf0,0x0000,_htk.WSG_MODE_WSG,....
0xf0,0x0000,C0.,....
0xf0,0x0000,BGMAP_SIZE_32x32,....
0xf0,0x0000,video_reg,....
0xf0,0x0000,DEVELO,....
0xf0,0x0000,C0_,....
0xf0,0x0000,videoport,....
0xf0,0x0000,_htk.WSG_NOISE_OFF,....
0xf0,0x0000,NO_FLIP_X,....
0xf0,0x0000,NO_FLIP_Y,....
0xf0,0x0000,SIZE_16x16,....
0xf0,0x0000,_htk.MPR0,....
0xf0,0x0000,_bank_base,....
0xf0,0x0001,_htk.PAGE_2000,....
0xf0,0x0001,ARG_REG,....
0xf0,0x0001,IRQ1,....
0xf0,0x0001,SUPPORT_MOUSE,....
0xf0,0x0001,JOY_III,....
0xf0,0x0001,_htk._3.50kha,....
0xf0,0x0001,MAGICKIT,....
0xf0,0x0001,video_reg_h,....
0xf0,0x0001,NEED_SOUND_BANK,....
0xf0,0x0001,LIB2_BANK,....
0xf0,0x0001,JOY_I,....
0xf0,0x0001,BGMAP_SIZE_64x32,....
0xf0,0x0001,FONT_BANK,....
0xf0,0x0001,JOY_BITII,....
0xf0,0x0001,_htk.TMR_ON,....
0xf0,0x0001,JOY_BITIV,....
0xf0,0x0001,REG_AX,....
0xf0,0x0001,SIZE_32x16,....
0xf0,0x0001,HUC,....
0xf0,0x0001,C0_sharp,....
0xf0,0x0001,C0.S,....
0xf0,0x0001,_htk.MPR1,....
0xf0,0x0001,_AX,....
0xf0,0x0002,SOUND_BANK,....
0xf0,0x0002,video_data,....
0xf0,0x0002,JOY_BITSEL,....
0xf0,0x0002,_htk.PAGE_4000,....
0xf0,0x0002,_htk._2.33kha,....
0xf0,0x0002,TIMER,....
0xf0,0x0002,JOY_BITV,....
0xf0,0x0002,D0.,....
0xf0,0x0002,ARG_IMMED,....
0xf0,0x0002,x_00137,....
0xf0,0x0002,D0_,....
0xf0,0x0002,REG_AY,....
0xf0,0x0002,video_data_l,....
0xf0,0x0002,JOY_II,....
0xf0,0x0002,JOY_IV,....
0xf0,0x0002,_htk.MPR2,....
0xf0,0x0002,_AY,....
0xf0,0x0003,CONST_BANK,....
0xf0,0x0003,ARG_ABS,....
0xf0,0x0003,_XY,....
0xf0,0x0003,_htk.PAGE_6000,....
0xf0,0x0003,JOY_BITRUN,....
0xf0,0x0003,_htk._1.75kha,....
0xf0,0x0003,ARG_ABSOLUTE,....
0xf0,0x0003,JOY_BITVI,....
0xf0,0x0003,video_data_h,....
0xf0,0x0003,BGMAP_SIZE_128x32,....
0xf0,0x0003,NMI,....
0xf0,0x0003,REG_XY,....
0xf0,0x0003,D0_sharp,....
0xf0,0x0003,D0.S,....
0xf0,0x0003,_htk.MPR3,....
0xf0,0x0004,_htk.PAGE_8000,....
0xf0,0x0004,REG_AXY,....
0xf0,0x0004,JOY_SEL,....
0xf0,0x0004,HUC_USER_RESERVED,....
0xf0,0x0004,_AXY,....
0xf0,0x0004,ARG_INDIRECT,....
0xf0,0x0004,VSYNC,....
0xf0,0x0004,E0.,....
0xf0,0x0004,JOY_V,....
0xf0,0x0004,BGMAP_SIZE_32x64,....
0xf0,0x0004,HUC_NUM_SCROLLS,....
0xf0,0x0004,E0_,....
0xf0,0x0004,JOY_BITUP,....
0xf0,0x0004,XRES_SOFT,....
0xf0,0x0004,_htk.MPR4,....
0xf0,0x0005,REG_ACC,....
0xf0,0x0005,ARG_STRING,....
0xf0,0x0005,_htk.PAGE_A000,....
0xf0,0x0005,_ACC,....
0xf0,0x0005,_Acc,....
0xf0,0x0005,HSYNC,....
0xf0,0x0005,BGMAP_SIZE_64x64,....
0xf0,0x0005,JOY_BITRT,....
0xf0,0x0005,E0_sharp,....
0xf0,0x0005,E0.S,....
0xf0,0x0005,_htk.MPR5,....
0xf0,0x0006,_IX,....
0xf0,0x0006,SOFT_RESET,....
0xf0,0x0006,_htk.PAGE_C000,....
0xf0,0x0006,REG_X,....
0xf0,0x0006,ARG_LABEL,....
0xf0,0x0006,F0.,....
0xf0,0x0006,JOY_BITDN,....
0xf0,0x0006,F0_,....
0xf0,0x0006,_htk.MPR6,....
0xf0,0x0007,_IY,....
0xf0,0x0007,_htk.PAGE_E000,....
0xf0,0x0007,REG_Y,....
0xf0,0x0007,G0.,....
0xf0,0x0007,JOY_BITLT,....
0xf0,0x0007,G0_,....
0xf0,0x0007,BGMAP_SIZE_128x64,....
0xf0,0x0007,_htk.MPR7,....
0xf0,0x0008,JOY_RUN,....
0xf0,0x0008,FLIP_X_MASK,....
0xf0,0x0008,VADDR_INC_32,....
0xf0,0x0008,FLIP_X,....
0xf0,0x0008,JOY_VI,....
0xf0,0x0008,G0_sharp,....
0xf0,0x0008,G0.S,....
0xf0,0x0009,A0.,....
0xf0,0x0009,x_00150,....
0xf0,0x0009,x_00152,....
0xf0,0x0009,A0_,....
0xf0,0x0009,x_00154,....
0xf0,0x0009,x_00191,....
0xf0,0x0009,x_00146,....
0xf0,0x0009,x_00156,....
0xf0,0x0009,x_00193,....
0xf0,0x0009,x_00148,....
0xf0,0x0009,x_00158,....
0xf0,0x0009,x_00195,....
0xf0,0x0009,x_00197,....
0xf0,0x0009,x_00189,....
0xf0,0x000a,HUC_RESERVE_BANKS,....
0xf0,0x000a,x_00136,....
0xf0,0x000a,x_00159,....
0xf0,0x000a,A0_sharp,....
0xf0,0x000a,A0.S,....
0xf0,0x000b,B0.,....
0xf0,0x000b,B0_,....
0xf0,0x000c,C1.,....
0xf0,0x000c,C1_,....
0xf0,0x000d,x_00142,....
0xf0,0x000d,x_00116,....
0xf0,0x000d,x_00171,....
0xf0,0x000d,x_00162,....
0xf0,0x000d,x_00144,....
0xf0,0x000d,x_00163,....
0xf0,0x000d,x_00127,....
0xf0,0x000d,x_00182,....
0xf0,0x000d,x_00173,....
0xf0,0x000d,x_00165,....
0xf0,0x000d,x_00185,....
0xf0,0x000d,x_00176,....
0xf0,0x000d,x_00167,....
0xf0,0x000d,x_00169,....
0xf0,0x000d,x_00179,....
0xf0,0x000d,C1_sharp,....
0xf0,0x000d,C1.S,....
0xf0,0x000e,DATA_BANK,....
0xf0,0x000e,D1.,....
0xf0,0x000e,D1_,....
0xf0,0x000f,x_00103,....
0xf0,0x000f,x_00115,....
0xf0,0x000f,x_00126,....
0xf0,0x000f,x_00129,....
0xf0,0x000f,D1_sharp,....
0xf0,0x000f,D1.S,....
0xf0,0x0010,VADDR_INC_64,....
0xf0,0x0010,E1.,....
0xf0,0x0010,E1_,....
0xf0,0x0010,SIZE_16x32,....
0xf0,0x0010,JOY_UP,....
0xf0,0x0011,SIZE_32x32,....
0xf0,0x0011,E1_sharp,....
0xf0,0x0011,E1.S,....
0xf0,0x0012,F1.,....
0xf0,0x0012,F1_,....
0xf0,0x0013,G1.,....
0xf0,0x0013,G1_,....
0xf0,0x0014,G1_sharp,....
0xf0,0x0014,G1.S,....
0xf0,0x0015,A1.,....
0xf0,0x0015,A1_,....
0xf0,0x0016,A1_sharp,....
0xf0,0x0016,A1.S,....
0xf0,0x0017,B1.,....
0xf0,0x0017,B1_,....
0xf0,0x0018,C2.,....
0xf0,0x0018,VADDR_INC_128,....
0xf0,0x0018,C2_,....
0xf0,0x0019,C2_sharp,....
0xf0,0x0019,C2.S,....
0xf0,0x001a,D2.,....
0xf0,0x001a,D2_,....
0xf0,0x001b,D2_sharp,....
0xf0,0x001b,D2.S,....
0xf0,0x001c,E2.,....
0xf0,0x001c,E2_,....
0xf0,0x001d,E2_sharp,....
0xf0,0x001d,E2.S,....
0xf0,0x001e,F2.,....
0xf0,0x001e,F2_,....
0xf0,0x001f,G2.,....
0xf0,0x001f,G2_,....
0xf0,0x0020,JOY_RIGHT,....
0xf0,0x0020,G2_sharp,....
0xf0,0x0020,G2.S,....
0xf0,0x0021,A2.,....
0xf0,0x0021,A2_,....
0xf0,0x0022,A2_sharp,....
0xf0,0x0022,A2.S,....
0xf0,0x0023,B2.,....
0xf0,0x0023,B2_,....
0xf0,0x0024,C3.,....
0xf0,0x0024,C3_,....
0xf0,0x0025,C3_sharp,....
0xf0,0x0025,C3.S,....
0xf0,0x0026,D3.,....
0xf0,0x0026,D3_,....
0xf0,0x0027,D3_sharp,....
0xf0,0x0027,D3.S,....
0xf0,0x0028,E3.,....
0xf0,0x0028,E3_,....
0xf0,0x0029,E3_sharp,....
0xf0,0x0029,E3.S,....
0xf0,0x002a,F3.,....
0xf0,0x002a,F3_,....
0xf0,0x002b,G3.,....
0xf0,0x002b,G3_,....
0xf0,0x002c,G3_sharp,....
0xf0,0x002c,G3.S,....
0xf0,0x002d,A3.,....
0xf0,0x002d,A3_,....
0xf0,0x002e,A3_sharp,....
0xf0,0x002e,A3.S,....
0xf0,0x002f,B3.,....
0xf0,0x002f,B3_,....
0xf0,0x0030,C4.,....
0xf0,0x0030,C4_,....
0xf0,0x0030,SIZE_16x64,....
0xf0,0x0031,SIZE_MASK,....
0xf0,0x0031,SIZE_32x64,....
0xf0,0x0031,C4_sharp,....
0xf0,0x0031,C4.S,....
0xf0,0x0032,D4.,....
0xf0,0x0032,D4_,....
0xf0,0x0033,D4_sharp,....
0xf0,0x0033,D4.S,....
0xf0,0x0034,E4.,....
0xf0,0x0034,E4_,....
0xf0,0x0035,E4_sharp,....
0xf0,0x0035,E4.S,....
0xf0,0x0036,F4.,....
0xf0,0x0036,F4_,....
0xf0,0x0037,G4.,....
0xf0,0x0037,G4_,....
0xf0,0x0038,G4_sharp,....
0xf0,0x0038,G4.S,....
0xf0,0x0039,A4.,....
0xf0,0x0039,A4_,....
0xf0,0x003a,A4_sharp,....
0xf0,0x003a,A4.S,....
0xf0,0x003b,B4.,....
0xf0,0x003b,B4_,....
0xf0,0x003c,C5.,....
0xf0,0x003c,C5_,....
0xf0,0x003d,C5_sharp,....
0xf0,0x003d,C5.S,....
0xf0,0x003e,D5.,....
0xf0,0x003e,D5_,....
0xf0,0x003f,D5_sharp,....
0xf0,0x003f,D5.S,....
0xf0,0x0040,_htk.WSG_MODE_DDA,....
0xf0,0x0040,JOY_DOWN,....
0xf0,0x0040,E5.,....
0xf0,0x0040,E5_,....
0xf0,0x0041,E5_sharp,....
0xf0,0x0041,E5.S,....
0xf0,0x0042,F5.,....
0xf0,0x0042,F5_,....
0xf0,0x0043,G5.,....
0xf0,0x0043,G5_,....
0xf0,0x0044,G5_sharp,....
0xf0,0x0044,G5.S,....
0xf0,0x0045,A5.,....
0xf0,0x0045,A5_,....
0xf0,0x0046,A5_sharp,....
0xf0,0x0046,A5.S,....
0xf0,0x0047,B5.,....
0xf0,0x0047,B5_,....
0xf0,0x0048,C6.,....
0xf0,0x0048,C6_,....
0xf0,0x0049,C6_sharp,....
0xf0,0x0049,C6.S,....
0xf0,0x004a,D6.,....
0xf0,0x004a,D6_,....
0xf0,0x004a,_call_bank,....
0xf0,0x004b,_nb_bank,....
0xf0,0x004b,D6_sharp,....
0xf0,0x004b,D6.S,....
0xf0,0x004c,E6.,....
0xf0,0x004c,E6_,....
0xf0,0x004d,E6_sharp,....
0xf0,0x004d,E6.S,....
0xf0,0x004e,F6.,....
0xf0,0x004e,F6_,....
0xf0,0x004f,G6.,....
0xf0,0x004f,G6_,....
0xf0,0x0050,JOY_TYPE6,....
0xf0,0x0050,G6_sharp,....
0xf0,0x0050,G6.S,....
0xf0,0x0051,AC_IDENT,....
0xf0,0x0051,A6.,....
0xf0,0x0051,A6_,....
0xf0,0x0052,A6_sharp,....
0xf0,0x0052,A6.S,....
0xf0,0x0053,B6.,....
0xf0,0x0053,B6_,....
0xf0,0x0054,C7.,....
0xf0,0x0054,C7_,....
0xf0,0x0055,C7_sharp,....
0xf0,0x0055,C7.S,....
0xf0,0x0056,D7.,....
0xf0,0x0056,D7_,....
0xf0,0x0057,D7_sharp,....
0xf0,0x0057,D7.S,....
0xf0,0x0058,E7.,....
0xf0,0x0058,E7_,....
0xf0,0x0059,E7_sharp,....
0xf0,0x0059,E7.S,....
0xf0,0x005a,F7.,....
0xf0,0x005a,F7_,....
0xf0,0x005b,G7.,....
0xf0,0x005b,G7_,....
0xf0,0x005c,G7_sharp,....
0xf0,0x005c,G7.S,....
0xf0,0x005d,A7.,....
0xf0,0x005d,A7_,....
0xf0,0x005e,A7_sharp,....
0xf0,0x005e,A7.S,....
0xf0,0x005f,B7.,....
0xf0,0x005f,B7_,....
0xf0,0x0060,HuSFX.DMA.RTSop,....
0xf0,0x0060,HuTrack.DMA.RTSop,....
0xf0,0x0080,_htk.WSG_CHAN_ON,....
0xf0,0x0080,_htk.WSG_LFO_OFF,....
0xf0,0x0080,FLIP_Y_MASK,....
0xf0,0x0080,JOY_LEFT,....
0xf0,0x0080,_htk.WSG_NOISE_ON,....
0xf0,0x0080,FLIP_Y,....
0xf0,0x0088,FLIP_MASK,....
0xf0,0x00d3,HuSFX.DMA.TINop,....
0xf0,0x00d3,HuTrack.DMA.TINop,....
0xf0,0x0100,xres,....
0xf0,0x0400,color_ctrl,....
0xf0,0x0400,colorport,....
0xf0,0x0402,_color_reg,....
0xf0,0x0402,color_reg_l,....
0xf0,0x0402,color_reg,....
0xf0,0x0403,color_reg_h,....
0xf0,0x0404,color_data,....
0xf0,0x0404,_color_data,....
0xf0,0x0404,color_data_l,....
0xf0,0x0405,color_data_h,....
0xf0,0x06af,NOTE.upperBase,....
0xf0,0x0714,NOTE.B,....
0xf0,0x0780,NOTE.As,....
0xf0,0x07f2,NOTE.A,....
0xf0,0x0800,FONT_VADDR,....
0xf0,0x0800,_htk.WSG.ChannelSelect,....
0xf0,0x0800,psgport,....
0xf0,0x0800,psg_ch,....
0xf0,0x0801,psg_mainvol,....
0xf0,0x0801,_htk.WSG.globalPanVol,....
0xf0,0x0802,psg_freqlo,....
0xf0,0x0802,_htk.WSG.Frequency.lo,....
0xf0,0x0803,psg_freqhi,....
0xf0,0x0803,_htk.WSG.Frequency.hi,....
0xf0,0x0804,psg_ctrl,....
0xf0,0x0804,_htk.WSG.Control,....
0xf0,0x0805,psg_pan,....
0xf0,0x0805,_htk.WSG.ChannelPanVol,....
0xf0,0x0806,_htk.WSG.DDAport,....
0xf0,0x0806,psg_wavebuf,....
0xf0,0x0806,_htk.WSG.SamplePort,....
0xf0,0x0807,psg_noise,....
0xf0,0x0807,_htk.WSG.NoiseControl,....
0xf0,0x0808,psg_lfofreq,....
0xf0,0x0808,_htk.WSG.LFO.frequency,....
0xf0,0x0809,_htk.WSG.LFO.control,....
0xf0,0x0809,psg_lfoctrl,....
0xf0,0x086b,NOTE.Gs,....
0xf0,0x08ec,NOTE.G,....
0xf0,0x0973,NOTE.Fs,....
0xf0,0x0a04,NOTE.F,....
0xf0,0x0a9c,NOTE.E,....
0xf0,0x0b3d,NOTE.Ds,....
0xf0,0x0be8,NOTE.D,....
0xf0,0x0c00,_htk.TMR_PORT,....
0xf0,0x0c00,timer_cnt,....
0xf0,0x0c00,timerport,....
0xf0,0x0c01,timer_ctrl,....
0xf0,0x0c01,_htk.TMR_CMD,....
0xf0,0x0c9e,NOTE.Cs,....
0xf0,0x0d5e,NOTE.C,....
0xf0,0x0e28,NOTE.base,....
0xf0,0x1000,joyport,....
0xf0,0x1400,irqport,....
0xf0,0x1402,irq_disable,....
0xf0,0x1403,irq_status,....
0xf0,0x1403,_htk.IRQ.ackTIRQ,....
0xf0,0x1800,cd_port,....
0xf0,0x1803,bram_lock,....
0xf0,0x1807,bram_unlock,....
0xf0,0x1a00,ac_port,....
0xf0,0x1a00,ac_data1,....
0xf0,0x1a01,ac_data1_alt,....
0xf0,0x1a02,ac_base1_l,....
0xf0,0x1a03,ac_base1_m,....
0xf0,0x1a04,ac_base1_h,....
0xf0,0x1a05,ac_offset1_l,....
0xf0,0x1a06,ac_offset1_m,....
0xf0,0x1a09,ac_cntrol1,....
0xf0,0x1a0a,ac_addoffset1,....
0xf0,0x1ae0,ac_shftreg,....
0xf0,0x1ae0,ac_shftreg_0,....
0xf0,0x1ae1,ac_shftreg_1,....
0xf0,0x1ae2,ac_shftreg_2,....
0xf0,0x1ae3,ac_shftreg_3,....
0xf0,0x1ae4,ac_shft_bits,....
0xf0,0x1afd,ac_identver_l,....
0xf0,0x1afd,ac_identbase,....
0xf0,0x1afe,ac_identver_h,....
0xf0,0x1aff,ac_identflag,....
0xf0,0x20ec,__bp,....
0xf0,0x20ee,__si,....
0xf0,0x20f0,__di,....
0xf0,0x20f3,vdc_crl,....
0xf0,0x20f4,vdc_crh,....
0xf0,0x20f5,irq_m,....
0xf0,0x20f6,vdc_sr,....
0xf0,0x20f7,vdc_reg,....
0xf0,0x20f8,__al,....
0xf0,0x20f8,__ax,....
0xf0,0x20f9,__ah,....
0xf0,0x20fa,__bl,....
0xf0,0x20fa,__bx,....
0xf0,0x20fb,__bh,....
0xf0,0x20fc,__cl,....
0xf0,0x20fc,__cx,....
0xf0,0x20fd,__ch,....
0xf0,0x20fe,__dl,....
0xf0,0x20fe,__dx,....
0xf0,0x20ff,__dh,....
0xf0,0x2f5d,_bss_end,....
0xf8,0x2000,__sp,0x0
0xf8,0x2000,__stack,0x2
0xf8,0x2002,__temp,0x4
0xf8,0x2006,__ptr,0x2
0xf8,0x2008,__fbank,0x1
0xf8,0x2009,__fptr,0x2
0xf8,0x200b,zp_ptr1,0x2
0xf8,0x200d,_hk.R1.l,0x0
0xf8,0x200d,_hk.R1,0x1
0xf8,0x200e,_hk.R1.h,0x1
0xf8,0x200f,_hk.A0.l,0x0
0xf8,0x200f,_hk.A0,0x1
0xf8,0x2010,_hk.A0.h,0x1
0xf8,0x2011,_hk.A1.l,0x0
0xf8,0x2011,_hk.A1,0x1
0xf8,0x2012,_hk.A1.h,0x1
0xf8,0x2013,_hk.A2.l,0x0
0xf8,0x2013,_hk.A2,0x1
0xf8,0x2014,_hk.A2.h,0x1
0xf8,0x2015,_hk.D0.l,0x0
0xf8,0x2015,_hk.D0,0x1
0xf8,0x2016,_hk.D0.h,0x1
0xf8,0x2017,_hk.EAX0.l,0x0
0xf8,0x2017,_hk.EAX0,0x1
0xf8,0x2018,_hk.EAX0.m,0x1
0xf8,0x2019,_hk.EAX0.h,0x1
0xf8,0x201a,_hk.EAX0.u,0x1
0xf8,0x201b,HuTrack.DDAprocess,0x1
0xf8,0x201c,HuTrack.dda.bank,0x6
0xf8,0x2022,HuTrack.dda.addr.lo,0x6
0xf8,0x2028,HuTrack.dda.addr.hi,0x6
0xf8,0x202e,HuTrack.dda.loop.bank,0x6
0xf8,0x2034,HuTrack.dda.addr.loop.lo,0x6
0xf8,0x203a,HuTrack.dda.addr.loop.hi,0x6
0xf8,0x2040,HuTrack.dda.ptr,0x2
0xf8,0x2042,HuTrack.dda.cntr0,0x6
0xf8,0x2048,HuTrack.dda.cntr1,0x6
0xf8,0x204e,HuTrack.dda.trackUsage,0x1
0xf8,0x204f,HuTrack.Status,0x1
0xf8,0x2050,HuTrack.PatternListPtr,0x2
0xf8,0x2052,HuTrack.PatterPtr,0x2
0xf8,0x2054,HuTrack.currentPattern,0x2
0xf8,0x2056,HuTrack.Enabled,0x6
0xf8,0x205c,HuTrack.A0,0x2
0xf8,0x205e,HuTrack.A1,0x2
0xf8,0x2060,HuTrack.bnk,0x2
0xf8,0x2062,HuTrack.addr0,0x2
0xf8,0x2064,HuTrack.addr1,0x2
0xf8,0x2066,HuTrack.FXptr0,0x2
0xf8,0x2068,HuTrack.FXptr1,0x2
0xf8,0x206a,HuTrack.FXptr2,0x2
0xf8,0x206c,HuTrack.FXptr3,0x2
0xf8,0x206e,HuSFX.A0,0x2
0xf8,0x2070,HuSFX.A1,0x2
0xf8,0x2072,HuSFX.bnk,0x2
0xf8,0x2074,rndzp,0x2
0xf8,0x2076,__sign,0x1
0xf8,0x2077,__remain,0x2
0xf8,0x2079,spr_ptr,0x2
0xf8,0x207b,spr_max,0x1
0xf8,0x207c,spr_flag,0x84,(????)
0xf8,0x2200,irq2_jmp,0x0
0xf8,0x2200,user_jmptbl,0x2
0xf8,0x2202,irq1_jmp,0x2
0xf8,0x2204,timer_jmp,0x2
0xf8,0x2206,nmi_jmp,0x2
0xf8,0x2208,vsync_hook,0x2
0xf8,0x220a,hsync_hook,0x2
0xf8,0x220c,bg_x1,0x2
0xf8,0x220e,bg_x2,0x2
0xf8,0x2210,bg_y1,0x2
0xf8,0x2212,bg_y2,0x15
0xf8,0x2227,joyena,0x1
0xf8,0x2228,joy,0x5
0xf8,0x222d,joytrg,0x5
0xf8,0x2232,joyold,0xf
0xf8,0x2241,irq_cnt,0x1
0xf8,0x2242,vdc_mwr,0x1
0xf8,0x2243,vdc_dcr,0x1
0xf8,0x2244,scr_mode,0x1
0xf8,0x2245,scr_w,0x1
0xf8,0x2246,scr_h,0x3e
0xf8,0x2284,soft_reset,0x3fc
0xf8,0x2680,vsync_cnt,0x1
0xf8,0x2681,joybuf,0x5
0xf8,0x2686,joyhook,0x2
0xf8,0x2688,joycallback,0x6
0xf8,0x268e,disp_cr,0x1
0xf8,0x268f,clock_hh,0x1
0xf8,0x2690,clock_mm,0x1
0xf8,0x2691,clock_ss,0x1
0xf8,0x2692,clock_tt,0x1
0xf8,0x2693,joy6,0x5
0xf8,0x2698,joytrg6,0x5
0xf8,0x269d,joyold6,0x5
0xf8,0x26a2,joybuf6,0x5
0xf8,0x26a7,joytmp,0x5
0xf8,0x26ac,joytmp6,0x5
0xf8,0x26b1,color_queue_r,0x1
0xf8,0x26b2,color_queue_w,0x1
0xf8,0x26b3,color_index,0x8
0xf8,0x26bb,color_count,0x8
0xf8,0x26c3,color_bank,0x8
0xf8,0x26cb,color_addr_l,0x8
0xf8,0x26d3,color_addr_h,0x8
0xf8,0x26db,color_tia,0x8
0xf8,0x26e3,mapbank,0x1
0xf8,0x26e4,mapaddr,0x2
0xf8,0x26e6,mapwidth,0x2
0xf8,0x26e8,mapheight,0x2
0xf8,0x26ea,maptiletype,0x1
0xf8,0x26eb,maptilebank,0x1
0xf8,0x26ec,maptileaddr,0x2
0xf8,0x26ee,maptilebase,0x2
0xf8,0x26f0,mapnbtile,0x2
0xf8,0x26f2,mapctablebank,0x1
0xf8,0x26f3,mapctable,0x2
0xf8,0x26f5,mapwrap,0x1
0xf8,0x26f6,mapbat_ptr,0x2
0xf8,0x26f8,mapbat_top_base,0x2
0xf8,0x26fa,mapbat_top,0x1
0xf8,0x26fb,mapbat_bottom,0x1
0xf8,0x26fc,mapbat_x,0x2
0xf8,0x26fe,ram_hdwr_tia,0x1
0xf8,0x26ff,ram_hdwr_tia_src,0x2
0xf8,0x2701,ram_hdwr_tia_dest,0x2
0xf8,0x2703,ram_hdwr_tia_size,0x2
0xf8,0x2705,ram_hdwr_tia_rts,0x1
0xf8,0x2706,bat_width,0x2
0xf8,0x2708,bat_height,0x1
0xf8,0x2709,bat_hmask,0x1
0xf8,0x270a,bat_vmask,0x1
0xf8,0x270b,scr_width,0x1
0xf8,0x270c,scr_height,0x1
0xf8,0x270d,vdc_blur,0x1
0xf8,0x270e,hsw,0x1
0xf8,0x270f,hds,0x1
0xf8,0x2710,hdw,0x1
0xf8,0x2711,hde,0x1
0xf8,0x2712,HuTrack.returnVec,0x2
0xf8,0x2714,song_bank,0x40
0xf8,0x2754,song_ptr.lo,0x40
0xf8,0x2794,song_ptr.hi,0x40
0xf8,0x27d4,song_slot,0x1
0xf8,0x27d5,current_song,0x1
0xf8,0x27d6,song_repeat,0x1
0xf8,0x27d7,HuTrack.DDAprocessBackup,0x1
0xf8,0x27d8,HuTrack.channel.noiseST.backup,0x6
0xf8,0x27de,HuTrack.channel.ddaST.backup,0x6
0xf8,0x27e4,HuTrack.channel.pcmIDX.backup,0x6
0xf8,0x27ea,HuTrack.channel.instr.backup,0x6
0xf8,0x27f0,HuTrack.channel.dVol.backup,0x6
0xf8,0x27f6,HuTrack.channel.rVol.backup,0x6
0xf8,0x27fc,HuTrack.channel.note.backup,0x6
0xf8,0x2802,HuTrack.Global.SetVolume,0x1
0xf8,0x2803,HuTrack.Global.VolUpdate,0x1
0xf8,0x2804,HuTrackEngine.VarStart,0x0
0xf8,0x2804,HuTrack.tick,0x1
0xf8,0x2805,HuTrack.tickReload,0x2
0xf8,0x2807,HuTrack.TickIdx,0x1
0xf8,0x2808,HuTrack.songName,0x30
0xf8,0x2838,HuTrack.songAuthor,0x30
0xf8,0x2868,HuTrack.rowLen,0x1
0xf8,0x2869,HuTrack.patternListlen,0x1
0xf8,0x286a,HuTrack.instrLen,0x1
0xf8,0x286b,HuTrack.waveformLen,0x1
0xf8,0x286c,HuTrack.sampleListLen,0x1
0xf8,0x286d,HuTrack.channel.patternList.table,0xc
0xf8,0x2879,HuTrack.pattern.table,0x2
0xf8,0x287b,HuTrack.instr.table,0x2
0xf8,0x287d,HuTrack.waveform.table,0x2
0xf8,0x287f,HuTrack.samples.table,0x2
0xf8,0x2881,HuTrack.patternList.table.bank,0x1
0xf8,0x2882,HuTrack.pattern.table.bank,0x1
0xf8,0x2883,HuTrack.instr.table.bank,0x1
0xf8,0x2884,HuTrack.waveform.table.bank,0x1
0xf8,0x2885,HuTrack.samples.table.bank,0x1
0xf8,0x2886,HuTrack.channel.pattern.num,0x6
0xf8,0x288c,HuTrack.channel.pattern.idx,0x6
0xf8,0x2892,HuTrack.current.channel,0x1
0xf8,0x2893,HuTrack.channel.pcmIndex,0x6
0xf8,0x2899,HuTrack.channel.noisePeriod,0x6
0xf8,0x289f,HuTrack.channel.appliedNoise,0x6
0xf8,0x28a5,HuTrack.channel.appliedCent,0x6
0xf8,0x28ab,HuTrack.channel.appliedNote,0x6
0xf8,0x28b1,HuTrack.channel.appliedOctave,0x6
0xf8,0x28b7,HuTrack.channel.noiseMode,0x6
0xf8,0x28bd,HuTrack.channel.detune,0x6
0xf8,0x28c3,HuTrack.channel.octave,0x6
0xf8,0x28c9,HuTrack.channel.note,0x6
0xf8,0x28cf,HuTrack.channel.noteCent,0x6
0xf8,0x28d5,HuTrack.channel.relativeVolume,0x6
0xf8,0x28db,HuTrack.channel.directVolume,0x6
0xf8,0x28e1,HuTrack.channel.directWaveform,0x6
0xf8,0x28e7,HuTrack.channel.fx1,0x6
0xf8,0x28ed,HuTrack.channel.fx2,0x6
0xf8,0x28f3,HuTrack.channel.fx3,0x6
0xf8,0x28f9,HuTrack.channel.fx4,0x6
0xf8,0x28ff,HuTrack.channel.fxArg1,0x6
0xf8,0x2905,HuTrack.channel.fxArg2,0x6
0xf8,0x290b,HuTrack.channel.fxArg3,0x6
0xf8,0x2911,HuTrack.channel.fxArg4,0x6
0xf8,0x2917,HuTrack.channel.instr,0x6
0xf8,0x291d,HuTrack.channel.semitoneUP.op,0x6
0xf8,0x2923,HuTrack.channel.semitoneUP.delta,0x6
0xf8,0x2929,HuTrack.channel.semitoneUP.note,0x6
0xf8,0x292f,HuTrack.channel.semitoneUP.cent,0x6
0xf8,0x2935,HuTrack.channel.semitoneDOWN.op,0x6
0xf8,0x293b,HuTrack.channel.semitoneDOWN.delta,0x6
0xf8,0x2941,HuTrack.channel.semitoneDOWN.note,0x6
0xf8,0x2947,HuTrack.channel.semitoneDOWN.cent,0x6
0xf8,0x294d,HuTrack.channel.porta.up.lo,0x6
0xf8,0x2953,HuTrack.channel.porta.up.hi,0x6
0xf8,0x2959,HuTrack.channel.porta.down.lo,0x6
0xf8,0x295f,HuTrack.channel.porta.down.hi,0x6
0xf8,0x2965,HuTrack.channel.vibrato.mode,0x6
0xf8,0x296b,HuTrack.channel.vibrato.idx,0x6
0xf8,0x2971,HuTrack.channel.vibrato.inc,0x6
0xf8,0x2977,HuTrack.channel.vibrato.scale,0x6
0xf8,0x297d,HuTrack.channel.vibrato.cent,0x6
0xf8,0x2983,HuTrack.channel.noteDelay,0x6
0xf8,0x2989,HuTrack.channel.noteCutDelay,0x6
0xf8,0x298f,HuTrack.channel.pitch.period.lo,0x6
0xf8,0x2995,HuTrack.channel.pitch.period.hi,0x6
0xf8,0x299b,HuTrack.channel.volSlideDown,0x6
0xf8,0x29a1,HuTrack.channel.volSlideUp,0x6
0xf8,0x29a7,HuTrack.channel.delay,0x6
0xf8,0x29ad,HuTrack.channel.overload.spd,0x6
0xf8,0x29b3,HuTrack.channel.overload.cntr,0x6
0xf8,0x29b9,HuTrack.channel.overload.amt,0x6
0xf8,0x29bf,HuTrack.channel.overload.accum,0x6
0xf8,0x29c5,HuTrack.channel.corruption.spd,0x6
0xf8,0x29cb,HuTrack.channel.corruption.cntr,0x6
0xf8,0x29d1,HuTrack.channel.corruption.delta,0x6
0xf8,0x29d7,HuTrack.channel.corruption.index,0x6
0xf8,0x29dd,HuTrack.channel.corruption.wf,0x6
0xf8,0x29e3,HuTrack.channel.hardsync.spd,0x6
0xf8,0x29e9,HuTrack.channel.hardsync.cntr,0x6
0xf8,0x29ef,HuTrack.channel.hardsync.amt,0x6
0xf8,0x29f5,HuTrack.channel.hardsync.delta,0x6
0xf8,0x29fb,HuTrack.channel.hardsync.delta.old,0x6
0xf8,0x2a01,HuTrack.channel.rowPos,0x6
0xf8,0x2a07,HuTrack.channel.patternOffset.lo,0x6
0xf8,0x2a0d,HuTrack.channel.patternOffset.hi,0x6
0xf8,0x2a13,HuTrack.channel.patternBreak,0x1
0xf8,0x2a14,HuTrack.channel.waveform.num,0x6
0xf8,0x2a1a,HuTrack.channel.instr.num,0x6
0xf8,0x2a20,HuTrack.channel.change,0x6
0xf8,0x2a26,HuTrack.channel.update,0x1
0xf8,0x2a27,HuTrack.channel.update.extFX,0x1
0xf8,0x2a28,HuTrack.channel.output,0x6
0xf8,0x2a2e,HuTrack.channel.temp.noteCent,0x6
0xf8,0x2a34,HuTrack.channel.temp.note,0x6
0xf8,0x2a3a,HuTrack.channel.temp.octave,0x6
0xf8,0x2a40,HuTrack.channel.temp.volume,0x6
0xf8,0x2a46,HuTrack.channel.temp.fx1,0x6
0xf8,0x2a4c,HuTrack.channel.temp.fx2,0x6
0xf8,0x2a52,HuTrack.channel.temp.fx3,0x6
0xf8,0x2a58,HuTrack.channel.temp.fx4,0x6
0xf8,0x2a5e,HuTrack.channel.temp.fxArg1,0x6
0xf8,0x2a64,HuTrack.channel.temp.fxArg2,0x6
0xf8,0x2a6a,HuTrack.channel.temp.fxArg3,0x6
0xf8,0x2a70,HuTrack.channel.temp.fxArg4,0x6
0xf8,0x2a76,HuTrack.channel.temp.instr,0x6
0xf8,0x2a7c,HuTrack.channel.temp.fxArg,0x1
0xf8,0x2a7d,HuTrack.channel.temp.fxNum,0x1
0xf8,0x2a7e,HuTrack.channel.applied.period.lo,0x6
0xf8,0x2a84,HuTrack.channel.applied.period.hi,0x6
0xf8,0x2a8a,HuTrack.VolEnvPtr.lo,0x6
0xf8,0x2a90,HuTrack.VolEnvPtr.hi,0x6
0xf8,0x2a96,HuTrack.WfEnvPtr.lo,0x6
0xf8,0x2a9c,HuTrack.WfEnvPtr.hi,0x6
0xf8,0x2aa2,HuTrack.ArpEnvPtr.lo,0x6
0xf8,0x2aa8,HuTrack.ArpEnvPtr.hi,0x6
0xf8,0x2aae,HuTrack.VolEnv.idx,0x6
0xf8,0x2ab4,HuTrack.WfEnv.idx,0x6
0xf8,0x2aba,HuTrack.ArpEnv.idx,0x6
0xf8,0x2ac0,HuTrack.ArpEnv.len,0x6
0xf8,0x2ac6,HuTrack.VolEnv.len,0x6
0xf8,0x2acc,HuTrack.WfEnv.len,0x6
0xf8,0x2ad2,HuTrack.ArpEnv.repeat,0x6
0xf8,0x2ad8,HuTrack.VolEnv.repeat,0x6
0xf8,0x2ade,HuTrack.WfEnv.repeat,0x6
0xf8,0x2ae4,HuTrack.channel.lastEnvVolume,0x6
0xf8,0x2aea,HuTrack.channel.lastEnvApr,0x6
0xf8,0x2af0,HuTrack.channel.lastEnvWaveform,0x6
0xf8,0x2af6,HuTrack.ArpEnv.mode,0x6
0xf8,0x2afc,HuTrack.channel.proccessState,0x6
0xf8,0x2b02,HuTrack.channel.panState,0x6
0xf8,0x2b08,HuTrack.SFX.inProgress,0x6
0xf8,0x2b0e,HuTrack.channel.ddaState,0x6
0xf8,0x2b14,HuTrack.entryParse,0x1
0xf8,0x2b15,HuTrack.entryParse.extFX,0x6
0xf8,0x2b1b,HuTrack.channel.rowSkip,0x6
0xf8,0x2b21,HuTrack.process.temp0,0x1
0xf8,0x2b22,HuTrack.process.temp1,0x1
0xf8,0x2b23,HuTrack.process.temp2,0x1
0xf8,0x2b24,HuTrack.process.temp3,0x1
0xf8,0x2b25,HuTrack.rowIncrement,0x1
0xf8,0x2b26,HuTrack.waveform.buffer,0x20
0xf8,0x2b46,HuTrack.SFXstream.bnk,0x6
0xf8,0x2b4c,HuTrack.SFXstream.lo,0x6
0xf8,0x2b52,HuTrack.SFXstream.hi,0x6
0xf8,0x2b58,HuTrack.SFXwf.bnk,0x6
0xf8,0x2b5e,HuTrack.SFXwf.lo,0x6
0xf8,0x2b64,HuTrack.SFXwf.hi,0x6
0xf8,0x2b6a,HuTrack.sfx.delay,0x6
0xf8,0x2b70,HuTrack.sfx.control,0x6
0xf8,0x2b76,HuTrack.DMA,0x8
0xf8,0x2b7e,HuSFX.inProgress,0x0
0xf8,0x2b7e,HuTrackEngine.VarEnd,0x6
0xf8,0x2b84,HuSFX.stream.bnk,0x6
0xf8,0x2b8a,HuSFX.stream.lo,0x6
0xf8,0x2b90,HuSFX.stream.hi,0x6
0xf8,0x2b96,HuSFX.wf.bnk,0x6
0xf8,0x2b9c,HuSFX.wf.lo,0x6
0xf8,0x2ba2,HuSFX.wf.hi,0x6
0xf8,0x2ba8,HuSFX.delay,0x6
0xf8,0x2bae,HuSFX.control,0x6
0xf8,0x2bb4,HuSFX.DMA,0x8
0xf8,0x2bbc,HuSFXEngine.VarEnd,0x0
0xf8,0x2bbc,scroll_xl,0x4
0xf8,0x2bc0,scroll_xh,0x4
0xf8,0x2bc4,scroll_yl,0x4
0xf8,0x2bc8,scroll_yh,0x4
0xf8,0x2bcc,scroll_top,0x4
0xf8,0x2bd0,scroll_bottom,0x4
0xf8,0x2bd4,scroll_cr,0x4
0xf8,0x2bd8,s_idx,0x1
0xf8,0x2bd9,s_xl,0x8
0xf8,0x2be1,s_xh,0x8
0xf8,0x2be9,s_yl,0x8
0xf8,0x2bf1,s_yh,0x8
0xf8,0x2bf9,s_cr,0x8
0xf8,0x2c01,s_top,0x9
0xf8,0x2c0a,s_bottom,0x8
0xf8,0x2c12,s_list,0x8
0xf8,0x2c1a,s_work,0x3
0xf8,0x2c1d,rndptr,0x2
0xf8,0x2c1f,rndseed2,0x2
0xf8,0x2c21,rndn1,0x1
0xf8,0x2c22,rndn2,0x1
0xf8,0x2c23,_font_base,0x2
0xf8,0x2c25,font_color,0x2
0xf8,0x2c27,satb,0x200
0xf8,0x2e27,gfx_pal,0x1
0xf8,0x2e28,line_currx,0x2
0xf8,0x2e2a,line_curry,0x2
0xf8,0x2e2c,line_deltax,0x2
0xf8,0x2e2e,line_deltay,0x2
0xf8,0x2e30,line_error,0x2
0xf8,0x2e32,line_adjust,0x2
0xf8,0x2e34,line_xdir,0x1
0xf8,0x2e35,line_color,0x1
0xf8,0x2e36,bm_mpr4,0x1
0xf8,0x2e37,bm_error,0x1
0xf8,0x2e38,msflag,0x1
0xf8,0x2e39,msvert,0x1
0xf8,0x2e3a,mshorz,0x1
0xf8,0x2e3b,_HuTrack_Arg_Pass_EAX0_l,0x1
0xf8,0x2e3c,_HuTrack_Arg_Pass_EAX0_m,0x1
0xf8,0x2e3d,_HuTrack_Arg_Pass_EAX0_h,0x1
0xf8,0x2e3e,_HuTrack_Arg_Pass_EAX0_u,0x1
0xf8,0x2e3f,_title,0x30
0xf8,0x2e6f,_author,0x30
0xf8,0x2e9f,_chanMask,0x7
0xf8,0x2ea6,_pcmPointers,0x65
0xf8,0x2f0b,_sFXcollection,0x40
0xf8,0x2f4b,_sFXassign,0x12
0xf8,0x2f5d,huc_rodata,0x0
0xf8,0x2f5d,huc_data,0x0
0xf8,0x2f5d,__huc_rodata_end,0x0
0xf8,0x2f5d,__huc_data_end,0x0
0xf8,0x2f5d,huc_rodata_end,0x0
0xf8,0x2f5d,huc_data_end,0x0
0xf8,0x2f5d,__huc_rodata,0x0
0xf8,0x2f5d,__heap_start,0x0
0xf8,0x2f5d,__huc_data
